[{"model": "admin.logentry", "pk": 1, "fields": {"action_time": "2022-05-04T21:44:04.618Z", "user": 1, "content_type": 7, "object_id": "1", "object_repr": "1: Диван", "action_flag": 2, "change_message": "[{\"changed\": {\"fields\": [\"Image\", \"Price\"]}}]"}}, {"model": "admin.logentry", "pk": 2, "fields": {"action_time": "2022-05-04T21:54:32.781Z", "user": 1, "content_type": 7, "object_id": "1", "object_repr": "1: Диван", "action_flag": 2, "change_message": "[{\"changed\": {\"fields\": [\"Image\"]}}]"}}, {"model": "admin.logentry", "pk": 3, "fields": {"action_time": "2022-05-15T14:35:02.785Z", "user": 1, "content_type": 7, "object_id": "2", "object_repr": "2: Супер стул", "action_flag": 1, "change_message": "[{\"added\": {}}]"}}, {"model": "admin.logentry", "pk": 4, "fields": {"action_time": "2022-05-15T18:24:04.531Z", "user": 1, "content_type": 7, "object_id": "1", "object_repr": "1: Диван", "action_flag": 2, "change_message": "[{\"changed\": {\"fields\": [\"Description\"]}}]"}}, {"model": "admin.logentry", "pk": 5, "fields": {"action_time": "2022-05-15T19:10:57.369Z", "user": 1, "content_type": 7, "object_id": "3", "object_repr": "3: 3-местный диван", "action_flag": 1, "change_message": "[{\"added\": {}}]"}}, {"model": "admin.logentry", "pk": 6, "fields": {"action_time": "2022-05-15T19:11:33.465Z", "user": 1, "content_type": 7, "object_id": "4", "object_repr": "4: Раскладной диван", "action_flag": 1, "change_message": "[{\"added\": {}}]"}}, {"model": "admin.logentry", "pk": 7, "fields": {"action_time": "2022-05-15T19:12:05.687Z", "user": 1, "content_type": 7, "object_id": "5", "object_repr": "5: Стул обеденный", "action_flag": 1, "change_message": "[{\"added\": {}}]"}}, {"model": "admin.logentry", "pk": 8, "fields": {"action_time": "2022-05-15T19:12:29.761Z", "user": 1, "content_type": 7, "object_id": "6", "object_repr": "6: Просто стул", "action_flag": 1, "change_message": "[{\"added\": {}}]"}}, {"model": "auth.permission", "pk": 1, "fields": {"name": "Can add log entry", "content_type": 1, "codename": "add_logentry"}}, {"model": "auth.permission", "pk": 2, "fields": {"name": "Can change log entry", "content_type": 1, "codename": "change_logentry"}}, {"model": "auth.permission", "pk": 3, "fields": {"name": "Can delete log entry", "content_type": 1, "codename": "delete_logentry"}}, {"model": "auth.permission", "pk": 4, "fields": {"name": "Can view log entry", "content_type": 1, "codename": "view_logentry"}}, {"model": "auth.permission", "pk": 5, "fields": {"name": "Can add permission", "content_type": 2, "codename": "add_permission"}}, {"model": "auth.permission", "pk": 6, "fields": {"name": "Can change permission", "content_type": 2, "codename": "change_permission"}}, {"model": "auth.permission", "pk": 7, "fields": {"name": "Can delete permission", "content_type": 2, "codename": "delete_permission"}}, {"model": "auth.permission", "pk": 8, "fields": {"name": "Can view permission", "content_type": 2, "codename": "view_permission"}}, {"model": "auth.permission", "pk": 9, "fields": {"name": "Can add group", "content_type": 3, "codename": "add_group"}}, {"model": "auth.permission", "pk": 10, "fields": {"name": "Can change group", "content_type": 3, "codename": "change_group"}}, {"model": "auth.permission", "pk": 11, "fields": {"name": "Can delete group", "content_type": 3, "codename": "delete_group"}}, {"model": "auth.permission", "pk": 12, "fields": {"name": "Can view group", "content_type": 3, "codename": "view_group"}}, {"model": "auth.permission", "pk": 13, "fields": {"name": "Can add content type", "content_type": 4, "codename": "add_contenttype"}}, {"model": "auth.permission", "pk": 14, "fields": {"name": "Can change content type", "content_type": 4, "codename": "change_contenttype"}}, {"model": "auth.permission", "pk": 15, "fields": {"name": "Can delete content type", "content_type": 4, "codename": "delete_contenttype"}}, {"model": "auth.permission", "pk": 16, "fields": {"name": "Can view content type", "content_type": 4, "codename": "view_contenttype"}}, {"model": "auth.permission", "pk": 17, "fields": {"name": "Can add session", "content_type": 5, "codename": "add_session"}}, {"model": "auth.permission", "pk": 18, "fields": {"name": "Can change session", "content_type": 5, "codename": "change_session"}}, {"model": "auth.permission", "pk": 19, "fields": {"name": "Can delete session", "content_type": 5, "codename": "delete_session"}}, {"model": "auth.permission", "pk": 20, "fields": {"name": "Can view session", "content_type": 5, "codename": "view_session"}}, {"model": "auth.permission", "pk": 21, "fields": {"name": "Can add category", "content_type": 6, "codename": "add_category"}}, {"model": "auth.permission", "pk": 22, "fields": {"name": "Can change category", "content_type": 6, "codename": "change_category"}}, {"model": "auth.permission", "pk": 23, "fields": {"name": "Can delete category", "content_type": 6, "codename": "delete_category"}}, {"model": "auth.permission", "pk": 24, "fields": {"name": "Can view category", "content_type": 6, "codename": "view_category"}}, {"model": "auth.permission", "pk": 25, "fields": {"name": "Can add product", "content_type": 7, "codename": "add_product"}}, {"model": "auth.permission", "pk": 26, "fields": {"name": "Can change product", "content_type": 7, "codename": "change_product"}}, {"model": "auth.permission", "pk": 27, "fields": {"name": "Can delete product", "content_type": 7, "codename": "delete_product"}}, {"model": "auth.permission", "pk": 28, "fields": {"name": "Can view product", "content_type": 7, "codename": "view_product"}}, {"model": "auth.permission", "pk": 29, "fields": {"name": "Can add user", "content_type": 8, "codename": "add_shopuser"}}, {"model": "auth.permission", "pk": 30, "fields": {"name": "Can change user", "content_type": 8, "codename": "change_shopuser"}}, {"model": "auth.permission", "pk": 31, "fields": {"name": "Can delete user", "content_type": 8, "codename": "delete_shopuser"}}, {"model": "auth.permission", "pk": 32, "fields": {"name": "Can view user", "content_type": 8, "codename": "view_shopuser"}}, {"model": "auth.permission", "pk": 33, "fields": {"name": "Can add basket", "content_type": 9, "codename": "add_basket"}}, {"model": "auth.permission", "pk": 34, "fields": {"name": "Can change basket", "content_type": 9, "codename": "change_basket"}}, {"model": "auth.permission", "pk": 35, "fields": {"name": "Can delete basket", "content_type": 9, "codename": "delete_basket"}}, {"model": "auth.permission", "pk": 36, "fields": {"name": "Can view basket", "content_type": 9, "codename": "view_basket"}}, {"model": "auth.permission", "pk": 37, "fields": {"name": "Can add association", "content_type": 10, "codename": "add_association"}}, {"model": "auth.permission", "pk": 38, "fields": {"name": "Can change association", "content_type": 10, "codename": "change_association"}}, {"model": "auth.permission", "pk": 39, "fields": {"name": "Can delete association", "content_type": 10, "codename": "delete_association"}}, {"model": "auth.permission", "pk": 40, "fields": {"name": "Can view association", "content_type": 10, "codename": "view_association"}}, {"model": "auth.permission", "pk": 41, "fields": {"name": "Can add code", "content_type": 11, "codename": "add_code"}}, {"model": "auth.permission", "pk": 42, "fields": {"name": "Can change code", "content_type": 11, "codename": "change_code"}}, {"model": "auth.permission", "pk": 43, "fields": {"name": "Can delete code", "content_type": 11, "codename": "delete_code"}}, {"model": "auth.permission", "pk": 44, "fields": {"name": "Can view code", "content_type": 11, "codename": "view_code"}}, {"model": "auth.permission", "pk": 45, "fields": {"name": "Can add nonce", "content_type": 12, "codename": "add_nonce"}}, {"model": "auth.permission", "pk": 46, "fields": {"name": "Can change nonce", "content_type": 12, "codename": "change_nonce"}}, {"model": "auth.permission", "pk": 47, "fields": {"name": "Can delete nonce", "content_type": 12, "codename": "delete_nonce"}}, {"model": "auth.permission", "pk": 48, "fields": {"name": "Can view nonce", "content_type": 12, "codename": "view_nonce"}}, {"model": "auth.permission", "pk": 49, "fields": {"name": "Can add user social auth", "content_type": 13, "codename": "add_usersocialauth"}}, {"model": "auth.permission", "pk": 50, "fields": {"name": "Can change user social auth", "content_type": 13, "codename": "change_usersocialauth"}}, {"model": "auth.permission", "pk": 51, "fields": {"name": "Can delete user social auth", "content_type": 13, "codename": "delete_usersocialauth"}}, {"model": "auth.permission", "pk": 52, "fields": {"name": "Can view user social auth", "content_type": 13, "codename": "view_usersocialauth"}}, {"model": "auth.permission", "pk": 53, "fields": {"name": "Can add partial", "content_type": 14, "codename": "add_partial"}}, {"model": "auth.permission", "pk": 54, "fields": {"name": "Can change partial", "content_type": 14, "codename": "change_partial"}}, {"model": "auth.permission", "pk": 55, "fields": {"name": "Can delete partial", "content_type": 14, "codename": "delete_partial"}}, {"model": "auth.permission", "pk": 56, "fields": {"name": "Can view partial", "content_type": 14, "codename": "view_partial"}}, {"model": "auth.permission", "pk": 57, "fields": {"name": "Can add shop user profile", "content_type": 15, "codename": "add_shopuserprofile"}}, {"model": "auth.permission", "pk": 58, "fields": {"name": "Can change shop user profile", "content_type": 15, "codename": "change_shopuserprofile"}}, {"model": "auth.permission", "pk": 59, "fields": {"name": "Can delete shop user profile", "content_type": 15, "codename": "delete_shopuserprofile"}}, {"model": "auth.permission", "pk": 60, "fields": {"name": "Can view shop user profile", "content_type": 15, "codename": "view_shopuserprofile"}}, {"model": "auth.permission", "pk": 61, "fields": {"name": "Can add order", "content_type": 16, "codename": "add_order"}}, {"model": "auth.permission", "pk": 62, "fields": {"name": "Can change order", "content_type": 16, "codename": "change_order"}}, {"model": "auth.permission", "pk": 63, "fields": {"name": "Can delete order", "content_type": 16, "codename": "delete_order"}}, {"model": "auth.permission", "pk": 64, "fields": {"name": "Can view order", "content_type": 16, "codename": "view_order"}}, {"model": "auth.permission", "pk": 65, "fields": {"name": "Can add order item", "content_type": 17, "codename": "add_orderitem"}}, {"model": "auth.permission", "pk": 66, "fields": {"name": "Can change order item", "content_type": 17, "codename": "change_orderitem"}}, {"model": "auth.permission", "pk": 67, "fields": {"name": "Can delete order item", "content_type": 17, "codename": "delete_orderitem"}}, {"model": "auth.permission", "pk": 68, "fields": {"name": "Can view order item", "content_type": 17, "codename": "view_orderitem"}}, {"model": "sessions.session", "pk": "3hkcu1d1njwg029f1mqnkxsywtg0o436", "fields": {"session_data": ".eJxVjMsOwiAQRf-FtSFAGR4u3fsNZAamUjU0Ke3K-O_apAvd3nPOfYmE21rT1nlJUxFnocXpdyPMD247KHdst1nmua3LRHJX5EG7vM6Fn5fD_Tuo2Ou3JhWHwAW0s0QuGhcKawdgg0fwCpXKOtgAYBSwMZ5MzAVDzqP348BevD-7ejcf:1nrKds:xepjhv_23vOom9OUAPULQAe5XtzdLD7H92vGrEsr28c", "expire_date": "2022-06-01T14:27:12.793Z"}}, {"model": "sessions.session", "pk": "fpjghsel4zs9zqcmlk8k9jrzvncnnp95", "fields": {"session_data": ".eJxVj0sLgkAUhf_LrEtmRh2tXQURtHBlLYd53JviCx0VJPrvaUjU9hy-83iSsdg2augzLl2veiB74u5HC4mik2tPqa1EPVV0wPGctqya6uJCNkQuhBwcdDK3M8J2_6JWpoB6cVxjclVK03TgrarzxsK7XZPD0vrPZcplMxQb38YcY9SMch4FEYZaUMN9NChMKEKEIOA6AB-AKYF2Z3xtmQAUHATQOXTt_USXyvWybB55_TPs-5u83rv1WDE:1nyxMD:27fxy5Mc42HmN6vDS-g-s7yzMgMNtVhStLRCDyzkK-o", "expire_date": "2022-06-22T15:12:29.882Z"}}, {"model": "sessions.session", "pk": "no0zhycnod493mozv5p716yvtn00u838", "fields": {"session_data": ".eJxVjMsOwiAQRf-FtSFAGR4u3fsNZAamUjU0Ke3K-O_apAvd3nPOfYmE21rT1nlJUxFnocXpdyPMD247KHdst1nmua3LRHJX5EG7vM6Fn5fD_Tuo2Ou3JhWHwAW0s0QuGhcKawdgg0fwCpXKOtgAYBSwMZ5MzAVDzqP348BevD-7ejcf:1o53iT:BEOrKsR3_IZlk8iPfMLaGb28i4PQyMqTU1DZfRqEDD8", "expire_date": "2022-07-09T11:12:41.658Z"}}, {"model": "social_django.usersocialauth", "pk": 7, "fields": {"user": 19, "provider": "vk-oauth2", "uid": "1562551", "extra_data": "{\"auth_time\": 1655237661, \"id\": 1562551, \"expires\": 86399, \"access_token\": \"3a8db307809ce586092de2b635e588b3dd6cd668c48971a79607a9b296a64e15d75643be27383cb54dc05\", \"token_type\": null}", "created": "2022-06-08T15:12:07.162Z", "modified": "2022-06-14T20:14:21.265Z"}}, {"model": "mainapp.category", "pk": 1, "fields": {"name": "Диваны", "description": "Клёвые диваны", "is_active": true}}, {"model": "mainapp.category", "pk": 2, "fields": {"name": "Стулья", "description": "Восхитительные стулья", "is_active": true}}, {"model": "mainapp.category", "pk": 3, "fields": {"name": "Стульчики", "description": "Отличные стулья!))", "is_active": true}}, {"model": "mainapp.category", "pk": 4, "fields": {"name": "Бытовая техника", "description": "Все бренды", "is_active": true}}, {"model": "mainapp.product", "pk": 1, "fields": {"category": 1, "name": "Диван", "description": "Клёвый диван\r\n\r\nНезависимый пружинный блок представляет собой систему, в которой цилиндрические пружины в матрасе изолированы друг от друга отдельными эластичными чехлами и работают автономно. Сжатие одной пружинки не влияет на другие, что обеспечивает высокую эластичность спального места и оптимальный ортопедический эффект. Такие матрасы способны выдерживать значительные нагрузки и характеризуются длительным сроком службы. Когда два человека спят вместе, они не мешают друг другу, так как независимые пружины не передают колебания и не скрипят.", "image": "product_image/product-3-sm.jpg", "price": "400.00", "quantity": 0, "is_active": true}}, {"model": "mainapp.product", "pk": 2, "fields": {"category": 2, "name": "Супер стул", "description": "Качественный стул", "image": "product_image/slider1.jpg", "price": "250.00", "quantity": 5, "is_active": true}}, {"model": "mainapp.product", "pk": 3, "fields": {"category": 1, "name": "3-местный диван", "description": "супер диван", "image": "product_image/divan2.jpg", "price": "34550.00", "quantity": 32, "is_active": true}}, {"model": "mainapp.product", "pk": 4, "fields": {"category": 1, "name": "Раскладной диван", "description": "Раскладной\r\nдиван", "image": "product_image/divan3.png", "price": "44450.00", "quantity": 2, "is_active": true}}, {"model": "mainapp.product", "pk": 5, "fields": {"category": 2, "name": "Стул обеденный", "description": "Стул для кухни", "image": "product_image/bergen_stul_M_podlokot_leroy303_1.jpg", "price": "4400.00", "quantity": 5, "is_active": true}}, {"model": "mainapp.product", "pk": 6, "fields": {"category": 2, "name": "Просто стул", "description": "Обычный стул", "image": "product_image/stul3.jpg", "price": "2000.00", "quantity": 5, "is_active": true}}, {"model": "mainapp.product", "pk": 7, "fields": {"category": null, "name": "диван 5", "description": "ываы", "image": "product_image/divan3_4Qtlggo.png", "price": "440.00", "quantity": 4, "is_active": true}}, {"model": "mainapp.product", "pk": 8, "fields": {"category": null, "name": "divan", "description": "divan", "image": "product_image/divan3_SCO51tv.png", "price": "4000.00", "quantity": 5, "is_active": true}}, {"model": "mainapp.product", "pk": 9, "fields": {"category": 1, "name": "devan", "description": "ddd", "image": "product_image/divan3_7DJJvV8.png", "price": "556.00", "quantity": 3, "is_active": true}}, {"model": "mainapp.product", "pk": 10, "fields": {"category": 1, "name": "devano", "description": "ddd", "image": "product_image/divan3_m7bwTQc.png", "price": "444.00", "quantity": 1, "is_active": true}}, {"model": "authapp.shopuser", "pk": 1, "fields": {"password": "pbkdf2_sha256$260000$TeKc40xut33NA4mvnqK0ff$sGOY3+RJdpXStPW1KLFF5m8Hxikt1H0caLYFOknFD18=", "last_login": "2022-06-25T11:12:41.565Z", "is_superuser": true, "username": "admin", "first_name": "", "last_name": "", "email": "", "is_staff": true, "is_active": true, "date_joined": "2022-04-27T19:13:43.597Z", "city": "", "image": "", "activation_key": "475d2c3d-4854-4424-9b1b-2c749f2a700e", "activation_key_expires": "2022-06-08T18:25:22.581Z", "groups": [], "user_permissions": []}}, {"model": "authapp.shopuser", "pk": 2, "fields": {"password": "pbkdf2_sha256$260000$bSSYjIVxc8Fk5vdrqf8VHc$VjRcUU2QhDOJu+A0OkOucv0xCXusAhPNEQ95ZPIPDds=", "last_login": "2022-05-04T21:44:22.976Z", "is_superuser": false, "username": "vasya", "first_name": "Вася", "last_name": "Пупкин", "email": "", "is_staff": false, "is_active": false, "date_joined": "2022-04-27T21:12:08.787Z", "city": "Москва", "image": "user_images/vasyan.jpg", "activation_key": "475d2c3d-4854-4424-9b1b-2c749f2a700e", "activation_key_expires": "2022-06-08T18:25:22.581Z", "groups": [], "user_permissions": []}}, {"model": "authapp.shopuser", "pk": 3, "fields": {"password": "pbkdf2_sha256$260000$5TZs9jgmW4UapmO0OHJGll$po421FWtjt84tjXFAXKO0RBKl1ce9tEklN4ajCw5zaY=", "last_login": "2022-05-18T13:18:08.392Z", "is_superuser": false, "username": "valodya15", "first_name": "", "last_name": "", "email": "", "is_staff": false, "is_active": true, "date_joined": "2022-05-18T13:17:54.207Z", "city": "", "image": "", "activation_key": "475d2c3d-4854-4424-9b1b-2c749f2a700e", "activation_key_expires": "2022-06-08T18:25:22.581Z", "groups": [], "user_permissions": []}}, {"model": "authapp.shopuser", "pk": 4, "fields": {"password": "pbkdf2_sha256$260000$3uePjzGBkV3uZ1HfjI0SeN$uP98IL28Vhnf/7P9NksNxVjuyhkXZAXa4BQsXdaZvVA=", "last_login": null, "is_superuser": false, "username": "vasya666", "first_name": "", "last_name": "", "email": "", "is_staff": false, "is_active": true, "date_joined": "2022-05-18T13:31:30.710Z", "city": "", "image": "", "activation_key": "475d2c3d-4854-4424-9b1b-2c749f2a700e", "activation_key_expires": "2022-06-08T18:25:22.581Z", "groups": [], "user_permissions": []}}, {"model": "authapp.shopuser", "pk": 5, "fields": {"password": "pbkdf2_sha256$260000$IqXBAzm7FlWjT82zEIiSbi$bAU1triEeWLO2P29gAwyGNBLBN6c7V7HCJTtJ37ikJc=", "last_login": "2022-05-18T14:21:15.793Z", "is_superuser": false, "username": "kek", "first_name": "kekarius", "last_name": "", "email": "", "is_staff": false, "is_active": true, "date_joined": "2022-05-18T13:37:03.231Z", "city": "Москва", "image": "", "activation_key": "475d2c3d-4854-4424-9b1b-2c749f2a700e", "activation_key_expires": "2022-06-08T18:25:22.581Z", "groups": [], "user_permissions": []}}, {"model": "authapp.shopuser", "pk": 6, "fields": {"password": "pbkdf2_sha256$260000$Rc4F87TIzHnMcV2HubincD$aKAIpgh+nSmYP0CVrxl/l0KAPG/ZjQ3HFWiMP7mGVow=", "last_login": null, "is_superuser": false, "username": "hhh", "first_name": "", "last_name": "", "email": "", "is_staff": false, "is_active": true, "date_joined": "2022-06-05T11:36:04.838Z", "city": "", "image": "", "activation_key": "475d2c3d-4854-4424-9b1b-2c749f2a700e", "activation_key_expires": "2022-06-08T18:25:22.581Z", "groups": [], "user_permissions": []}}, {"model": "authapp.shopuser", "pk": 7, "fields": {"password": "pbkdf2_sha256$260000$ENquYo73RpVlb3IPf8Hsfd$Tq3jYgDJ3yqejiZnLRB5dl5Vtmj+F0G9K9EOSVbPVuU=", "last_login": null, "is_superuser": false, "username": "huyase", "first_name": "", "last_name": "", "email": "", "is_staff": false, "is_active": true, "date_joined": "2022-06-05T11:37:49.155Z", "city": "", "image": "", "activation_key": "475d2c3d-4854-4424-9b1b-2c749f2a700e", "activation_key_expires": "2022-06-08T18:25:22.581Z", "groups": [], "user_permissions": []}}, {"model": "authapp.shopuser", "pk": 8, "fields": {"password": "pbkdf2_sha256$260000$Ix6DVwzIDkS7QYSaa7n0rN$kv3bTGbP9hEuDVu3M8fURkOVGiBz7/OwMNCMA//tsqY=", "last_login": null, "is_superuser": false, "username": "kekoyan66", "first_name": "", "last_name": "", "email": "", "is_staff": false, "is_active": false, "date_joined": "2022-06-06T18:28:15.121Z", "city": "", "image": "", "activation_key": "3d2ab094-d607-445f-baee-d6fd2c068f62", "activation_key_expires": "2022-06-08T18:28:15.121Z", "groups": [], "user_permissions": []}}, {"model": "authapp.shopuser", "pk": 9, "fields": {"password": "pbkdf2_sha256$260000$BwF77n3ER2GJFMTS72pSDD$wh1HKNrfWk/enhlUQh35YWajzHYf9uQCubekgVyYQ9k=", "last_login": null, "is_superuser": false, "username": "kekaridze", "first_name": "", "last_name": "", "email": "sudyadred@mail.ru", "is_staff": false, "is_active": false, "date_joined": "2022-06-06T18:29:19.419Z", "city": "", "image": "", "activation_key": "c515b16d-101c-40ba-960a-dd04e1f69817", "activation_key_expires": "2022-06-08T18:29:19.419Z", "groups": [], "user_permissions": []}}, {"model": "authapp.shopuser", "pk": 10, "fields": {"password": "pbkdf2_sha256$260000$kwdtD8UACkiADcylaP4DWc$Yc2O4A+dQsH0wMgy/d2T5CTbhK2Qc8cbU9eJpClarrA=", "last_login": null, "is_superuser": false, "username": "rtryrtyyr", "first_name": "", "last_name": "", "email": "sdcfsd@dfgft.rt", "is_staff": false, "is_active": false, "date_joined": "2022-06-06T18:32:24.769Z", "city": "", "image": "", "activation_key": "19c19114-d477-40a4-8971-7d70f55dff19", "activation_key_expires": "2022-06-08T18:32:24.769Z", "groups": [], "user_permissions": []}}, {"model": "authapp.shopuser", "pk": 11, "fields": {"password": "pbkdf2_sha256$260000$QeMPc35QfI2kccZ9vYqv27$Gjw7mNeFpPrsDMSOnyqH3Qahe6yfqZjkC2ya3JWaLys=", "last_login": "2022-06-06T18:45:44.240Z", "is_superuser": false, "username": "vasya777", "first_name": "", "last_name": "", "email": "vasya777@mail.ru", "is_staff": false, "is_active": true, "date_joined": "2022-06-06T18:42:17.414Z", "city": "", "image": "", "activation_key": "8a52ad4e-e2bb-4211-abfb-d0832ae17cf0", "activation_key_expires": "2022-06-06T18:45:35.091Z", "groups": [], "user_permissions": []}}, {"model": "authapp.shopuser", "pk": 13, "fields": {"password": "pbkdf2_sha256$260000$EMBQ4zcO71OnGMqbpfvrc0$Pkh77GoYfUaFPccRQIyHSzbPODZRWnf4ea66WoPiQFg=", "last_login": null, "is_superuser": false, "username": "kostyan", "first_name": "", "last_name": "", "email": "kostyan@opa.na", "is_staff": false, "is_active": false, "date_joined": "2022-06-08T13:36:14.804Z", "city": "", "image": "", "activation_key": "0581b54e-0a0c-4a09-9cd7-d670e6d1cd5c", "activation_key_expires": "2022-06-10T13:36:14.804Z", "groups": [], "user_permissions": []}}, {"model": "authapp.shopuser", "pk": 19, "fields": {"password": "!xHoAdrwNCX3TF3GXly7ilG2T9fGa0FinCxQdMwDz", "last_login": "2022-06-14T20:14:21.535Z", "is_superuser": false, "username": "sudyadred", "first_name": "Леонид", "last_name": "Полижаров", "email": "", "is_staff": false, "is_active": true, "date_joined": "2022-06-08T15:12:07.134Z", "city": "Москва", "image": "", "activation_key": "a49b75a2-7c41-422a-878e-538e24928a50", "activation_key_expires": "2022-06-10T15:12:07.134Z", "groups": [], "user_permissions": []}}, {"model": "authapp.shopuserprofile", "pk": 1, "fields": {"user": 1, "gender": "", "about": ""}}, {"model": "authapp.shopuserprofile", "pk": 2, "fields": {"user": 2, "gender": "", "about": ""}}, {"model": "authapp.shopuserprofile", "pk": 3, "fields": {"user": 3, "gender": "", "about": ""}}, {"model": "authapp.shopuserprofile", "pk": 4, "fields": {"user": 4, "gender": "", "about": ""}}, {"model": "authapp.shopuserprofile", "pk": 5, "fields": {"user": 5, "gender": "", "about": ""}}, {"model": "authapp.shopuserprofile", "pk": 6, "fields": {"user": 6, "gender": "", "about": ""}}, {"model": "authapp.shopuserprofile", "pk": 7, "fields": {"user": 7, "gender": "", "about": ""}}, {"model": "authapp.shopuserprofile", "pk": 8, "fields": {"user": 8, "gender": "", "about": ""}}, {"model": "authapp.shopuserprofile", "pk": 9, "fields": {"user": 9, "gender": "", "about": ""}}, {"model": "authapp.shopuserprofile", "pk": 10, "fields": {"user": 10, "gender": "", "about": ""}}, {"model": "authapp.shopuserprofile", "pk": 11, "fields": {"user": 11, "gender": "", "about": ""}}, {"model": "basketapp.basket", "pk": 4, "fields": {"user": 2, "product": 1, "quantity": 1, "created_at": "2022-05-04T21:53:37.481Z"}}, {"model": "basketapp.basket", "pk": 8, "fields": {"user": 1, "product": 2, "quantity": 7, "created_at": "2022-05-15T19:07:03.530Z"}}, {"model": "basketapp.basket", "pk": 9, "fields": {"user": 1, "product": 6, "quantity": 6, "created_at": "2022-05-15T19:14:06.532Z"}}, {"model": "basketapp.basket", "pk": 10, "fields": {"user": 1, "product": 5, "quantity": 4, "created_at": "2022-05-15T19:14:07.788Z"}}, {"model": "basketapp.basket", "pk": 11, "fields": {"user": 1, "product": 1, "quantity": 19, "created_at": "2022-05-15T19:14:16.754Z"}}, {"model": "basketapp.basket", "pk": 12, "fields": {"user": 1, "product": 3, "quantity": 7, "created_at": "2022-05-15T19:14:23.518Z"}}, {"model": "basketapp.basket", "pk": 13, "fields": {"user": 3, "product": 2, "quantity": 1, "created_at": "2022-05-18T13:18:16.496Z"}}, {"model": "basketapp.basket", "pk": 19, "fields": {"user": 19, "product": 3, "quantity": 1, "created_at": "2022-06-14T20:01:18.205Z"}}, {"model": "basketapp.basket", "pk": 20, "fields": {"user": 1, "product": 10, "quantity": 17, "created_at": "2022-06-14T20:02:27.584Z"}}, {"model": "basketapp.basket", "pk": 21, "fields": {"user": 1, "product": 8, "quantity": 5, "created_at": "2022-06-14T20:05:22.451Z"}}, {"model": "basketapp.basket", "pk": 22, "fields": {"user": 1, "product": 4, "quantity": 9, "created_at": "2022-06-14T20:05:23.083Z"}}, {"model": "basketapp.basket", "pk": 23, "fields": {"user": 1, "product": 9, "quantity": 3, "created_at": "2022-06-14T20:05:25.074Z"}}, {"model": "basketapp.basket", "pk": 24, "fields": {"user": 1, "product": 7, "quantity": 3, "created_at": "2022-06-14T20:05:26.800Z"}}, {"model": "basketapp.basket", "pk": 26, "fields": {"user": 19, "product": 10, "quantity": 1, "created_at": "2022-06-14T20:15:10.835Z"}}]